Protein,Attention_Weight
spint3,2.8188305
zp3,2.7491605
folr3,2.6849144
muc2,2.4296536
cga,2.4027505
gh1,2.402639
abo,2.3164525
psca,2.254909
lpa,2.2054696
muc16,2.204978
cdhr2,2.1523094
gstt2b,2.1103992
ppy,2.1056027
megf10,2.089252
paep,2.07429
hmcn2,2.0420947
lep,2.017813
notch1,1.9973443
vwf,1.9729296
col28a1,1.9497949
col2a1,1.9477153
pm20d1,1.9462056
insl3,1.9452636
oxt,1.9228494
notch3,1.9173608
pyy,1.9139104
klk3,1.9083443
notch2,1.8859105
tnc,1.8799542
tmprss15,1.8675222
col5a1,1.8582115
bgn,1.835607
gp2,1.8354156
klk12,1.8302498
ccl20,1.804966
tg,1.800931
pzp,1.7964516
bglap,1.7883003
npy,1.7809126
ccl19,1.7797921
col4a1,1.7777715
eddm3b,1.7773964
stat5b,1.7721848
igfbp1,1.7666869
fshb,1.7624792
myom3,1.7612226
prok1,1.7428119
alpi,1.7418244
gpa33,1.7375715
cdh17,1.7311308
fgf21,1.7272344
col24a1,1.7140155
klk1,1.7127208
acrv1,1.7117057
ccl18,1.7052553
mep1b,1.70183
col1a1,1.7006974
cd177,1.6990863
ccl5,1.6972187
ccn1,1.693204
ccl26,1.6879635
psg1,1.6861167
col9a1,1.6807038
ssc4d,1.6767567
apob,1.6746054
top1,1.6705217
igsf9,1.6697199
cr2,1.6566875
tex101,1.654192
rnase3,1.6517231
col15a1,1.6477003
mln,1.6476806
pear1,1.643871
gast,1.641748
scgb3a2,1.6397932
ccl2,1.6296102
il18rap,1.6226441
tnxb,1.6187533
col18a1,1.6144753
tcl1a,1.6075935
gcg,1.5992913
fcrl5,1.5979413
crh,1.5856528
fabp1,1.5848638
cdh23,1.5833502
ahnak2,1.5829072
tff1,1.5820577
timp3,1.5807298
il5,1.5783899
ltbp2,1.5761607
agr2,1.5722108
mmp3,1.570258
xpnpep2,1.5694473
adgrv1,1.5689825
adipoq,1.5621171
ghrl,1.553736
lrp1,1.5421716
gh2,1.5416658
wfdc2,1.5371594
ifng,1.5320667
pdlim7,1.530726
col4a4,1.5254831
egf,1.5213122
megf11,1.5171967
eppk1,1.5157708
neb,1.5152155
comp,1.511549
pspn,1.5095118
ahnak,1.5047796
adamts15,1.4964252
col3a1,1.4945261
pkd1,1.4925832
msmb,1.4917738
col6a3,1.4841161
cxcl13,1.4745872
ank2,1.473597
chit1,1.4684215
il6,1.4682877
thbs4,1.4643306
fabp4,1.4618418
ldlr,1.4574821
omd,1.4574244
gzmb,1.4569086
vcan,1.454087
cr1,1.4531252
tspan1,1.4527514
ccl4,1.4521708
cdh3,1.4514217
tff3,1.4491243
ssc5d,1.4479603
cxcl10,1.4457862
tmsb10,1.4431826
ahsp,1.4429762
prdx1,1.4423375
s100a12,1.4418864
klb,1.4413275
olfm4,1.4412541
hao1,1.4333155
rbp2,1.4328094
epcam,1.4323158
spink5,1.4320422
kir3dl1,1.4285862
ceacam16,1.4282521
cst1,1.42459
hspg2,1.4245362
chrdl2,1.4227469
siglec5,1.4192477
idua,1.4192185
psmd9,1.4183085
lta4h,1.4176733
igfbp2,1.4165149
edil3,1.415481
alpp,1.4130646
wfdc12,1.4106519
nppb,1.4093893
hgf,1.4084449
fabp2,1.4079572
insl5,1.4070413
cxcl8,1.4058748
serpina12,1.4053254
cd163,1.4049869
cxcl9,1.402871
il1rn,1.4013065
ryr1,1.4000142
egfr,1.3979189
tgm2,1.3973713
il5ra,1.3971531
fkbp1b,1.3957291
ccl17,1.3951473
mmp10,1.3950288
cxcl17,1.3936774
slc39a5,1.3902645
cfh,1.3899974
pf4,1.3898666
mnda,1.3879725
ccl22,1.3878413
gsta1,1.38656
ccl3,1.3858076
plpbp,1.3842778
igsf3,1.3840625
lrp2,1.3818781
casp8,1.3815231
cxcl5,1.3809937
mybpc1,1.3807516
tnfrsf9,1.3795897
gzmh,1.3789184
pappa,1.3771229
ccl11,1.3756056
siglec1,1.3733191
spink6,1.3704456
cntn3,1.369876
scarf2,1.3675683
lat2,1.3673306
omg,1.3661599
hspb6,1.3659196
osm,1.3644276
ptprh,1.3616431
krt18,1.3595538
mdga1,1.3582065
myh9,1.3543353
ceacam5,1.3534929
fam171a2,1.3524971
gusb,1.3523395
spink4,1.352041
pcbd1,1.348181
cspg4,1.3479588
plat,1.3472406
ccl7,1.3463242
itgb1,1.3457785
slamf7,1.344037
cdc42bpb,1.3411543
eif4ebp1,1.3397936
pnpt1,1.3391615
dsc2,1.3385885
krt19,1.3371091
agrp,1.3363173
cxcl14,1.3354259
tia1,1.3352398
ces3,1.331984
eln,1.3305633
map3k5,1.3301237
acan,1.328239
ret,1.3274794
tspan8,1.327086
igfbp6,1.3256032
ikbkg,1.3239073
efemp1,1.3238914
b2m,1.3233533
tnr,1.3229985
dnajc9,1.3229195
celsr2,1.3218224
acy1,1.3202021
mamdc4,1.3199899
sele,1.3196292
cd93,1.3184345
clc,1.3158195
vcam1,1.3150917
serpina9,1.3150339
thbs2,1.31466
nfatc1,1.3139105
skap1,1.3129487
tp53bp1,1.3127768
tff2,1.310684
ogn,1.3104193
mesd,1.3100181
upb1,1.3097808
itih3,1.3082703
cdh1,1.3082645
itgb2,1.3078817
tnfsf10,1.3077834
src,1.307776
flt4,1.3048489
apod,1.304686
ctrl,1.3043723
sparc,1.3024709
angpt1,1.3023059
crisp2,1.3007414
ptprb,1.2991321
calcoco1,1.2990444
bpifa2,1.298456
smpd1,1.2978487
ccl13,1.2974966
adh4,1.2962791
s100p,1.2955555
rbp5,1.2954003
enpp7,1.2952076
l1cam,1.2935414
spon1,1.2929482
smpdl3a,1.2925797
sez6l2,1.2917798
kirrel2,1.2915392
itpr1,1.2912757
ptprz1,1.2895238
epo,1.2895024
il22,1.2881627
myl3,1.2877773
sdccag8,1.2859961
ccl24,1.2849956
sptbn2,1.2843746
dlk1,1.2839624
sned1,1.2837636
slit2,1.2835057
adm,1.2824302
cxcl11,1.2821164
pcdh17,1.2820098
apex1,1.280426
chad,1.2799246
ceacam8,1.2765536
asah2,1.2754581
sult2a1,1.2749994
nrcam,1.2749734
ufd1,1.2724742
pla2g10,1.2712544
pvalb,1.2710254
dsg2,1.2704915
ranbp2,1.2703693
shbg,1.2694914
mybpc2,1.2693708
ptprf,1.2686129
apoa2,1.2680441
cnst,1.2673264
lama1,1.2646921
robo2,1.2640519
plxna4,1.2640285
scgb1a1,1.2633463
mbl2,1.2632113
pklr,1.262923
c9,1.2627169
ccl8,1.2625818
gsn,1.2621024
ncf2,1.2613692
tnfrsf10c,1.2609547
dpp4,1.2600827
cdcp1,1.2592716
inppl1,1.2580388
gfral,1.2565771
s100a11,1.2563746
smtn,1.2561692
ly6d,1.2556546
setmar,1.253516
sdk2,1.2534287
cntnap4,1.2532873
itgam,1.2531239
serpina11,1.2526011
dsg3,1.2525837
grap2,1.2523849
mme,1.2523458
bpifb2,1.2517282
akap12,1.250972
tpr,1.25
bcr,1.2495707
cd5l,1.2495286
eif4g1,1.2485085
ftcd,1.2484841
erbb3,1.2475388
hagh,1.2446544
prss8,1.2438616
igf1r,1.2437989
ccn5,1.2437894
mstn,1.2437718
plaur,1.2420125
mmp9,1.2414432
tnfrsf8,1.2413318
atp5if1,1.2400587
dbh,1.2397835
aoc3,1.2390728
cdh2,1.2389984
il10,1.238605
cxcl3,1.2380321
eng,1.2379743
adgrg1,1.2374518
nppc,1.2371721
cd38,1.2367239
fgf19,1.236316
c3,1.2361662
umod,1.234894
prl,1.234414
lhb,1.2341512
spon2,1.2340436
fam3d,1.2335546
ctrc,1.2334912
pga4,1.2332451
fn1,1.2323711
bmp4,1.2318268
thrap3,1.2301295
adamts16,1.2296338
dctn2,1.2289431
sbsn,1.2285683
apcs,1.2285457
havcr1,1.2282102
cdon,1.2279139
gstp1,1.2272421
crkl,1.2268054
taldo1,1.2254608
klk13,1.2242124
dpy30,1.2228318
cfhr4,1.222719
cd248,1.2225287
robo1,1.2221754
adgre1,1.2221053
lxn,1.2217151
erbb4,1.2215712
mmp1,1.2213081
pon3,1.2211094
ache,1.2210857
cenpf,1.2209936
s100a16,1.2207456
ces2,1.2205527
fbn2,1.2202132
pi3,1.2197319
fgf23,1.2182803
clec4d,1.2166169
casp4,1.2162468
smarca2,1.215977
ddc,1.2157183
sftpd,1.2154416
tnfsf11,1.2147827
thbd,1.2147057
anxa10,1.214302
fkbpl,1.2142954
dab2,1.2139575
tnfsf14,1.2127447
bcl2l11,1.2127395
ckb,1.2124255
sult1a1,1.2116957
pinlyp,1.2114496
cndp1,1.2113942
calca,1.2113622
igdcc4,1.2104211
adgrg2,1.2103161
dsg4,1.2089099
dok1,1.2088399
fuca1,1.2086827
fbln2,1.2081177
manf,1.2080997
susd2,1.2080638
il3ra,1.2075291
ces1,1.2072474
itgb7,1.2070291
sema3f,1.206537
ly96,1.2061023
ccl25,1.2060249
lpo,1.2058661
npc2,1.2047247
sort1,1.2046192
tnip1,1.2043761
azu1,1.2042928
fap,1.2042115
sema7a,1.2040699
akt2,1.2040467
ncam1,1.203718
gal,1.2034583
thy1,1.2030067
lta,1.2027897
icam5,1.2021583
sez6l,1.2007926
col9a2,1.2006453
cntn1,1.2003448
yars1,1.2000557
dmd,1.199906
spink1,1.1986656
scarf1,1.1985196
camsap1,1.1979635
treh,1.1970658
tie1,1.1970102
obp2b,1.1967783
rcc1,1.1956834
gcc1,1.1955712
lair2,1.1948179
cd86,1.1946361
timm8a,1.1945732
sfrp4,1.194561
clip2,1.1943662
gys1,1.1941473
ccl21,1.1932749
diablo,1.1930557
il1rl2,1.192812
csde1,1.1927217
mars1,1.1926799
cd14,1.1925901
fus,1.1925105
tinagl1,1.1922392
icam1,1.1920965
apoa1,1.1918677
rln2,1.1913742
xg,1.1900623
ca6,1.1881542
kir2dl3,1.1878002
dmp1,1.187794
siglec7,1.187743
tspan7,1.1876504
pcsk9,1.1871682
cd22,1.1871443
enpp2,1.1866298
endou,1.1862457
rab11fip3,1.185849
ggh,1.1854088
cilp,1.1849016
chrdl1,1.1847616
tnfrsf1a,1.1847005
mcam,1.1844164
lamp3,1.1834061
ereg,1.1831563
snca,1.1826771
dll1,1.1824515
agr3,1.1819303
selp,1.1817961
ppp1r9b,1.1814332
tbc1d5,1.1813121
plb1,1.1813098
dctpp1,1.1807158
folr2,1.180556
sh2b3,1.180274
fli1,1.1802232
hrc,1.1799662
il17rb,1.1798718
robo4,1.17922
fabp9,1.1788979
lect2,1.1787314
met,1.1784856
erbin,1.1780579
mki67,1.1776991
sod3,1.177233
rbp7,1.1753981
cd33,1.1748946
tnn,1.174739
cd59,1.1745403
glo1,1.174537
tnfrsf19,1.1742544
vnn1,1.173872
fbp1,1.1738089
ace2,1.1737351
ccl15,1.1733179
serpina3,1.1731479
ncr3lg1,1.173089
heph,1.1729352
cd300lg,1.1723839
ltbp3,1.1721708
lcn2,1.1707988
eloa,1.1703593
rgmb,1.1702139
jpt2,1.1693228
prdx2,1.1692319
enpp6,1.1691698
eno3,1.169039
ceacam21,1.1680138
sprr3,1.1680021
dapp1,1.1676323
rhoc,1.1672788
irag2,1.1669189
ccn3,1.1661447
slmap,1.1659272
st6gal1,1.165852
rrm2,1.1644278
prss2,1.164104
pcdh9,1.1639981
cela2a,1.1639105
dync1h1,1.1638284
guca2a,1.1634507
adgre2,1.1633047
rspo1,1.1628988
clps,1.1628687
chl1,1.1627594
lag3,1.1613557
dnaja4,1.1603996
cxcl12,1.1598834
vnn2,1.1597716
pmvk,1.1594539
kazn,1.158919
jchain,1.1588674
hnmt,1.1584516
slitrk2,1.158212
reck,1.1581445
igfbp4,1.157767
icam3,1.1576905
pdlim5,1.1573181
dok2,1.1573172
pts,1.1571746
krt5,1.1568885
ptprs,1.156555
cd69,1.1560591
acot13,1.1559681
fcrl6,1.1558439
dner,1.1557777
itgb6,1.1557617
il19,1.1553593
cst6,1.1553228
lepr,1.1552587
adgre5,1.1548262
klk4,1.1546493
lsp1,1.1546228
serpinh1,1.15461
lgals9,1.1544132
trim25,1.1543806
nsfl1c,1.1542747
gmfg,1.1541357
rbks,1.1537303
leg1,1.1532687
padi4,1.1529503
mep1a,1.1524173
vegfc,1.1520996
dcxr,1.1516888
prap1,1.1514155
folr1,1.1513774
dag1,1.1512959
dctn1,1.1509236
bach1,1.1509039
ccl14,1.1499976
axin1,1.1499538
reg1a,1.1493121
alms1,1.1490023
ntrk3,1.1486623
mxra8,1.1485848
bcl2l15,1.1484959
app,1.1484439
itgb1bp2,1.148165
cxcl1,1.1481545
pag1,1.147523
lypd1,1.1473715
lat,1.1473536
ccl27,1.1472392
irak4,1.1471683
kazald1,1.1470706
mydgf,1.1469369
cracr2a,1.1460469
reg4,1.1456773
plg,1.1447272
ggt1,1.144176
map4k5,1.1438828
sh3glb2,1.1434152
stc2,1.1432989
itga6,1.1429715
rarres2,1.1428454
cfhr5,1.1426563
furin,1.1425459
aplp1,1.1422882
cst3,1.1422796
srp14,1.1418784
hbz,1.1414869
adgrf5,1.1406846
fuom,1.1406562
stab2,1.1404684
cbln4,1.1401825
nid2,1.1401324
stip1,1.1397789
itgav,1.1396339
kdr,1.1392536
sncg,1.1391335
slitrk1,1.1383548
csrp3,1.1381148
serpinf2,1.1378727
serpine1,1.137506
dll4,1.1372964
il18bp,1.137215
prrt3,1.1366079
cd27,1.1364101
slamf1,1.1344186
scarb1,1.1343285
inpp5d,1.1341356
msln,1.1339853
bag6,1.1336946
tfrc,1.1334945
serpinb1,1.1332448
myh7b,1.1326096
csf3,1.13251
ctse,1.1321704
yes1,1.1319177
lipf,1.131674
itga11,1.1315813
reg1b,1.1315444
clstn3,1.1314574
gsta3,1.1313913
tgfa,1.1307096
gsap,1.1306438
clu,1.1296973
wfikkn2,1.1296502
icam2,1.1296
tlr3,1.1293762
thop1,1.1291952
msr1,1.1288997
hbq1,1.1283212
chi3l1,1.1282983
mmp8,1.1282672
ghrhr,1.1281509
naaa,1.1280841
ncs1,1.1280029
prr4,1.1279011
qsox1,1.1277678
cntn5,1.1272786
ogfr,1.1272131
nrp2,1.1271834
tcl1b,1.1270566
tafa5,1.1267015
ly75,1.1263406
grn,1.1261929
cfb,1.1261895
coro1a,1.1261499
nell2,1.1258237
tnfrsf12a,1.1257659
matn2,1.1257368
smoc2,1.1257074
nefl,1.1256624
sell,1.1253328
cntn4,1.1252887
pik3ap1,1.125147
espl1,1.1249388
klrd1,1.1248262
tgfbr2,1.1246716
serpinc1,1.124649
fyb1,1.124392
smad1,1.1241618
epha1,1.1234736
traf2,1.1224382
bag3,1.1212857
nrp1,1.1209521
cep164,1.1202438
aoc1,1.1202316
il1b,1.1195352
ctsf,1.1190023
gp5,1.1186702
prcp,1.1186233
insr,1.1183727
cacna1c,1.1180152
ube2b,1.117729
serpini2,1.1172779
tnfrsf1b,1.1170855
cd101,1.1167116
fabp3,1.1166928
il32,1.1163373
cd46,1.1159443
prelp,1.1158149
wif1,1.1154407
tfpi,1.1150997
tnfsf12,1.1150749
dnmbp,1.114771
cd8a,1.114713
mb,1.1143698
fetub,1.1142738
tshb,1.1140256
mmp12,1.1139989
itgb5,1.1136929
p4hb,1.1127019
alcam,1.1126431
folh1,1.112616
st3gal1,1.112186
il17c,1.112098
dynlt1,1.1118268
vim,1.1116159
scin,1.1115416
colec12,1.111047
pxn,1.1108608
adam15,1.11077
bmp6,1.110764
eda2r,1.1101367
nptxr,1.1099541
naa80,1.1097808
acyp1,1.1095278
cd58,1.1095228
mpig6b,1.1091647
cst7,1.108794
parp1,1.1087617
fabp5,1.108665
txlna,1.1083401
gfap,1.1082753
lsm8,1.108154
amigo2,1.107806
pcdh1,1.1076629
adgrd1,1.1075811
tlr4,1.1071136
golga3,1.1069505
gfra3,1.1064507
cd160,1.1063257
lypd3,1.1056484
proc,1.1055976
prune2,1.1054804
tgfbr3,1.1054451
pla2g2a,1.1048642
glod4,1.1047351
ror1,1.1045717
wfikkn1,1.1043893
csf1r,1.1038101
itih4,1.1036596
iqgap2,1.1035786
ager,1.1034219
spp1,1.1033953
tek,1.1031768
glb1,1.1031263
actn2,1.1030972
kitlg,1.1028798
ism1,1.1026211
mycbp2,1.1023648
lbr,1.1017171
nell1,1.1012127
med18,1.101163
prtg,1.1010814
mia,1.1003127
cd99,1.0998254
afp,1.0997748
pcdh7,1.099436
psmg3,1.0990405
acy3,1.0990026
cmip,1.0988503
nfasc,1.0985081
ifngr2,1.0984885
ccl23,1.0983796
erbb2,1.0975444
nos3,1.0970279
fgr,1.0968809
erp29,1.0963386
mfge8,1.0959809
man2b2,1.095976
ppib,1.0959439
glrx,1.0951328
agbl2,1.0949047
vegfd,1.0942148
ntrk2,1.0941638
plau,1.09408
ak1,1.0939829
rabep1,1.0936371
mmp13,1.0934484
crim1,1.0934283
c4bpb,1.092862
tmem25,1.0927875
slamf8,1.0917704
mtss1,1.0917217
cdhr5,1.0917072
pltp,1.0915176
klk8,1.0914557
hrg,1.0914038
adamtsl4,1.0913887
gli2,1.0913066
c1r,1.0911877
cxcl6,1.0910344
cpa1,1.0909755
smoc1,1.0909332
samd9l,1.0905678
nme1,1.0899646
slc39a14,1.0899086
tab2,1.0898987
bank1,1.0892657
psmg4,1.0891979
ak2,1.0890765
xcl1,1.0890673
ca14,1.0889986
aifm1,1.0887265
sirt2,1.0887008
casp3,1.0886757
afm,1.0879705
mif,1.0875916
boc,1.087568
pilrb,1.08728
scgn,1.0870776
klk6,1.0870345
esm1,1.0870094
efna4,1.0869755
fst,1.08681
heg1,1.0868044
fcgr2a,1.0866892
il12b,1.0865371
sftpa1,1.0863018
tjap1,1.0862747
cst5,1.086135
c9orf40,1.0858991
vmo1,1.0856775
tnfrsf14,1.0855739
ada2,1.0854416
lrig1,1.0852871
anxa4,1.0845699
spint1,1.084563
tcof1,1.0844729
mavs,1.0844221
lefty2,1.0843655
cdkn2d,1.0839612
a1bg,1.0837127
srpx,1.083685
fmnl1,1.083261
cc2d1a,1.0831698
spint2,1.0823952
mgll,1.0818503
yod1,1.0817914
ppbp,1.0816374
vstm2l,1.0815
ca12,1.0811272
olr1,1.0805557
scamp3,1.0797484
prtfdc1,1.0792536
mfap5,1.0792515
acta2,1.0792079
btd,1.0787932
mad1l1,1.0782038
sfrp1,1.0777516
sit1,1.0774307
itih1,1.0773718
entpd2,1.0772355
nfat5,1.077146
nt5e,1.0767157
lilrb5,1.076478
reg3a,1.0758759
blvrb,1.0758753
csf1,1.0755204
scn2a,1.0753905
tnf,1.0751129
trem2,1.0749043
ncan,1.0748138
ccl16,1.0747652
vwc2l,1.074686
retn,1.0745032
gpr37,1.0744894
stx4,1.0738863
cdh15,1.0737865
serpina5,1.0736926
scrg1,1.0735484
dpp6,1.0733702
hnrnpul1,1.0732293
kdm3a,1.0731533
pla2g4a,1.0727311
pth,1.0721965
angptl4,1.0720499
faslg,1.0718726
mrc1,1.0717669
cacna1h,1.0715959
txndc5,1.0708454
sorcs2,1.0704406
spink2,1.0698966
fcgr3b,1.0692017
cela3a,1.069175
cdkn1a,1.0687778
cpa2,1.0687258
kifbp,1.0684059
shc1,1.0679295
brap,1.0677975
tbcb,1.0677922
rilp,1.0677056
pnliprp1,1.0675402
scly,1.0674651
ptx3,1.0672069
lgals4,1.0670493
vsig2,1.0663261
nt5c3a,1.0660553
sprr1b,1.0657473
pde5a,1.0657473
cpm,1.065645
appl2,1.0650374
enpp5,1.0648673
apoc1,1.0647482
itgbl1,1.0647371
clec7a,1.0644169
postn,1.0642908
nme3,1.0636822
irak1,1.0632937
snap23,1.0631416
cd4,1.0630711
prkg1,1.0627477
dock9,1.0625987
nfkb1,1.0625201
amot,1.0623107
slc34a3,1.0620687
lama4,1.0619531
arhgef12,1.0615727
npdc1,1.0614047
gp6,1.0612627
s100g,1.0609305
dbi,1.0608579
ndufs6,1.0608371
fga,1.06079
il2ra,1.0606244
clstn1,1.0605805
cd1c,1.0601627
brk1,1.0597048
cbln1,1.0595622
c2,1.0595492
lgals1,1.0594838
lpl,1.0591326
pon1,1.0590171
slurp1,1.0589468
pdgfa,1.0588218
ctsh,1.0583141
ca13,1.057488
il1rl1,1.0574602
myo9b,1.0571362
c1s,1.0570993
fam3c,1.0565243
tnfaip8l2,1.0561252
triap1,1.0558133
ca4,1.0557745
cryzl1,1.055731
gsr,1.054801
ruvbl1,1.054453
nenf,1.054317
dkk4,1.0542778
ptprn2,1.05424
tymp,1.0541679
gchfr,1.054092
crtam,1.0533931
uso1,1.053214
usp8,1.0529332
scgb2a2,1.0524331
rab44,1.0523999
anxa3,1.0523401
mapre3,1.052239
ephb6,1.0519297
ppl,1.05189
flt1,1.0515984
il15,1.0512571
ndrg1,1.0505507
atg16l1,1.0505488
apoh,1.0505353
rtn4r,1.0503368
gip,1.0500813
bap18,1.0498503
il16,1.0497344
dnph1,1.0493888
dscam,1.0493019
tnfrsf4,1.0492738
pnlip,1.0488997
vasn,1.0487449
bax,1.0486006
dpp10,1.0482397
havcr2,1.048135
znf830,1.0477515
cd28,1.0475165
bmper,1.0473782
agxt,1.0471599
il4r,1.0469503
rida,1.0466583
vwc2,1.0459968
slk,1.0459498
cd48,1.0458258
gnly,1.0456183
hgs,1.0455059
ifngr1,1.0452812
edar,1.0450749
atg4a,1.0448211
pecam1,1.0445676
aldh1a1,1.0444132
cpb1,1.044327
ppp1r12a,1.0439708
hmbs,1.0437264
rab6a,1.0435886
cd40lg,1.0435568
tnfrsf21,1.043444
scg2,1.0432554
nid1,1.0431497
adamts8,1.0431275
ca5a,1.0427152
mepe,1.0426044
gbp1,1.042407
myom2,1.0421739
clstn2,1.042167
dkk3,1.0418665
cdh5,1.0418117
kel,1.0416113
tbca,1.0415311
hmox1,1.0415264
slc51b,1.0414168
pafah1b3,1.0406647
serping1,1.0404229
anpep,1.0402873
ctsv,1.0400016
phldb2,1.0399
pdcd1,1.0398335
ren,1.0397536
hyal1,1.0397098
apoa4,1.0397086
fcgr2b,1.0395194
klrb1,1.0394859
bpifb1,1.0394132
agrn,1.0390391
tlr1,1.0389667
tf,1.038256
siglec15,1.0381207
mpo,1.0377451
cpxm1,1.0374994
arhgef1,1.0369563
hbegf,1.0369334
cx3cl1,1.0368512
rgma,1.036841
clec4m,1.0365057
ntf4,1.0353131
abl1,1.0351733
rras,1.0342072
dnpep,1.0341864
nck2,1.0339056
galnt10,1.033695
ddi2,1.0336235
ppp1r2,1.0336065
smad2,1.0335501
tet2,1.0335404
sema4d,1.0334859
gpnmb,1.0334277
cd40,1.0332687
gfod2,1.0331881
cblif,1.0331156
csf2,1.0330541
rnf41,1.0330211
hsbp1,1.0329099
dnm1,1.0328634
ptpn6,1.032773
chchd10,1.0323935
fcamr,1.0323616
arhgap45,1.0321715
itgal,1.0318968
fis1,1.0318191
tacc3,1.0317969
bcan,1.0316103
cdhr1,1.031183
tnfrsf11b,1.0310575
il13ra2,1.0308135
nrgn,1.0297211
nectin2,1.0294385
rgs8,1.0292048
c1qtnf1,1.0289311
c7,1.0284159
s100a13,1.028259
mamdc2,1.0280824
galnt3,1.0279523
orm1,1.0278625
s100a14,1.0278324
siglec8,1.0276687
stat2,1.0268548
igf2r,1.0262938
tnni3,1.0261497
prkar2a,1.0257305
kynu,1.0257181
apoe,1.025476
skap2,1.025416
cda,1.0254107
cdc26,1.025141
fstl3,1.0244117
casp1,1.0243194
fen1,1.0243176
zpr1,1.0240252
ctsz,1.0237398
siglec9,1.0236382
prg3,1.0231427
cep170,1.0230875
areg,1.0226492
clec11a,1.0219295
inhbb,1.0217452
rbpms2,1.0216786
pcbp2,1.0212862
prss53,1.0210115
ttr,1.020891
lilra2,1.0208293
ugdh,1.0207858
evpl,1.0204934
igfbp7,1.0202875
fcrl1,1.0202637
il7r,1.0195804
mzt1,1.0193276
dpp7,1.0191312
ass1,1.0189867
eef1d,1.0188875
vat1,1.0188575
nectin4,1.0187361
serpind1,1.0185907
ppp2r5a,1.0180783
sf3b4,1.0179942
megf9,1.0179346
axl,1.01792
dcn,1.0175544
timp1,1.0175475
il21r,1.0175328
nmnat1,1.0173045
il2rb,1.0171721
ephb4,1.0170834
rnase4,1.0168221
myh4,1.0168144
dffa,1.0166892
atrn,1.0166545
zhx2,1.0154171
clec4g,1.0152482
ndst1,1.0150194
adam22,1.0146329
nudt10,1.0143372
snap29,1.0143214
bst2,1.0142295
tgfbi,1.0141363
vsnl1,1.0141312
sez6,1.0140407
srpk2,1.0138503
slc4a1,1.0137194
clec5a,1.0134884
pamr1,1.0129545
ca2,1.0128368
pfdn2,1.0122902
vamp8,1.011626
asgr1,1.0115465
pdgfb,1.0114231
thpo,1.0113761
lbp,1.011327
ampd3,1.0110711
adh1b,1.0108039
tmprss5,1.0107875
mmp7,1.0107224
gucy2c,1.0106905
tnfrsf13b,1.0101254
kif22,1.0100853
susd1,1.010056
lilrb4,1.0099162
lmod1,1.0094187
siae,1.0089394
cd3g,1.0087909
zbtb17,1.0087883
efna1,1.0087624
lrrfip1,1.0084662
morc3,1.0084386
clec1b,1.0079604
f11r,1.0076644
chgb,1.0075543
carhsp1,1.0072075
zp4,1.007165
rspo3,1.0071487
itga5,1.0071241
rpe,1.0069854
cmc1,1.0069313
nos1,1.0068657
tax1bp1,1.0067664
tbc1d17,1.0066993
arhgef5,1.0065837
aarsd1,1.0064992
c19orf12,1.0064766
mfap4,1.006334
tpmt,1.0063146
cfp,1.0062969
gabarapl1,1.0061808
adam8,1.0061773
mdk,1.0057904
ophn1,1.0055244
sod2,1.0054648
rabgap1l,1.0050598
myl6b,1.0047535
fgfbp2,1.0045329
tnfrsf6b,1.0044516
egln1,1.004244
pilra,1.0041808
hpse,1.0038172
fabp6,1.0037392
idi2,1.0033492
smndc1,1.0030481
il18,1.0030196
snapin,1.0028363
tbcc,1.0028025
pvr,1.002783
sla2,1.0026878
kif20b,1.0026164
lifr,1.0025926
bcl2l1,1.0023987
msra,1.0021992
cd276,1.0021031
adamts13,1.0020916
amy2a,1.0017188
ace,1.0016534
lamb1,1.0016181
rtbdn,1.0013381
dkk1,1.0012584
hsd11b1,1.0009758
tctn3,1.000912
plxnb3,1.0008814
cpe,1.0006211
b3gnt7,1.0006075
vgf,1.0004917
ptgds,1.0004144
angptl7,0.9998985
suox,0.9998483
sat1,0.9998386
rbfox3,0.9996989
inhbc,0.9992789
spock1,0.99926555
ckap4,0.99921715
cep290,0.9989875
serpina7,0.99896026
gpd1,0.9986571
ofd1,0.998435
cntn2,0.9983893
batf,0.9981928
ndufb7,0.9981568
cebpb,0.99791026
lypd8,0.9976517
osmr,0.9976436
uxs1,0.9976375
itga2,0.9975394
nfx1,0.99742323
gapdh,0.99705076
il17d,0.99663186
crnn,0.99650127
atxn2,0.99646914
twf2,0.99596703
mansc4,0.9959239
myl4,0.9955371
lyn,0.99550205
aprt,0.9954885
gp1ba,0.9954382
txn,0.9953032
ido1,0.99497724
dlg4,0.99497056
pla2g7,0.99485654
fkbp5,0.99478376
calcb,0.9944302
ppp1r14d,0.9943582
dpep2,0.9942187
b4gat1,0.99335855
art3,0.9932115
serpini1,0.99308157
f2r,0.99304676
sema3g,0.9929492
fndc1,0.99294204
csf3r,0.9929211
bcam,0.99273753
cgref1,0.9923078
ctsc,0.99214154
tlr2,0.99208367
itgax,0.99204075
scara5,0.9919534
nbn,0.99156535
b4galt1,0.99122536
f2,0.9911025
stx6,0.9910954
il17f,0.9906981
sparcl1,0.9900916
lilra6,0.9900159
lrp2bp,0.9894732
tdo2,0.9891765
cradd,0.98913795
gfra1,0.98907244
ment,0.9889613
tsc1,0.98863745
dnajb1,0.9885267
fhit,0.9881028
scarb2,0.9880142
impact,0.9878851
btn2a1,0.98766685
ifi30,0.98765314
wasl,0.98752147
nfya,0.98737144
hsp90b1,0.987216
sh2d1a,0.9865889
glp1r,0.9865799
serpinf1,0.98648834
nagk,0.9864128
kit,0.98635674
pebp1,0.9861435
micall2,0.98594236
ipcef1,0.98572814
smad5,0.985664
clec4a,0.9856324
ikzf2,0.985605
mink1,0.985531
chga,0.9854738
jmjd1c,0.9854288
ehd3,0.98537517
nadk,0.9850711
dpt,0.9848484
cd300e,0.98451126
nudt16,0.98446524
nphs2,0.9843477
mitd1,0.98433274
prdx6,0.98426443
fcrlb,0.98422384
cd74,0.9840268
nagpa,0.9840231
tp53inp1,0.9837675
milr1,0.98346573
hars1,0.98333275
clul1,0.98308545
apom,0.98265994
sftpa2,0.9825527
evi5,0.9824934
dpep1,0.9821224
lmnb2,0.982082
nptn,0.98200035
septin3,0.98195803
lamtor5,0.9817688
txnrd1,0.9814278
lcat,0.9809503
ambp,0.98036
tbl1x,0.9802375
scp2,0.9801907
pdia4,0.98006237
npr1,0.9797925
ywhaq,0.97975004
metap2,0.9793692
top2b,0.9792949
ccl28,0.9792658
dnaja2,0.9788983
klk14,0.9788607
tyrp1,0.9781887
pikfyve,0.9781862
ccne1,0.9779228
nexn,0.97778714
c1qtnf5,0.9775796
golm2,0.9773427
padi2,0.97726023
cxadr,0.97723794
ca9,0.9770626
cd99l2,0.97684
cep350,0.97675407
cdan1,0.9764016
siglec10,0.976197
terf1,0.976156
tmed8,0.97593266
gopc,0.97591823
tpp1,0.9753745
sirt5,0.97532666
ppme1,0.9750351
fgfbp1,0.9750065
pcdhb15,0.9749297
ccn2,0.97492075
mtus1,0.97486067
tnfsf8,0.97429585
nfe2,0.9742508
rbm25,0.9742481
cd79b,0.9741412
serpina6,0.9737892
polr2a,0.97377896
exosc10,0.97347903
ephx2,0.97341704
spart,0.9731101
slitrk6,0.97279155
gas6,0.9727473
amy2b,0.97240305
mindy1,0.9723381
tnfrsf13c,0.9721824
daam1,0.9713383
hspa1a,0.9711399
clec1a,0.97089356
marco,0.97078586
tslp,0.97078216
icam4,0.9706745
gfer,0.97064275
bid,0.97040594
chac2,0.97015065
scn3a,0.9700899
rrm2b,0.96987784
gigyf2,0.96978116
ubac1,0.9697348
ceacam6,0.9696342
snx5,0.9696175
tpm3,0.9695123
nphs1,0.96948946
arl2bp,0.96927965
gzma,0.96915394
flt3lg,0.969084
cacybp,0.9688693
il18r1,0.96871644
per3,0.9686502
gcnt1,0.96841264
esam,0.96819806
ist1,0.96801937
nlgn2,0.96792144
dkkl1,0.96786135
cant1,0.9675572
vamp5,0.96736646
draxin,0.9668702
cd72,0.9667874
galnt2,0.966611
ccdc80,0.9662003
cd63,0.96615535
rnase6,0.96598136
sdhb,0.9658866
nptx2,0.9657067
fcrl2,0.965497
cdh4,0.9654914
cyb5r2,0.9653736
aldh3a1,0.96520257
plcb2,0.9648426
gga1,0.96479166
cd109,0.9647738
yap1,0.96476436
atp6v1f,0.9643874
tbc1d23,0.96435195
cirbp,0.9638411
prnd,0.96318966
hpcal1,0.96271914
agt,0.9626205
spry2,0.96252275
fstl1,0.9625161
ltbr,0.96228015
psapl1,0.96220165
psme2,0.9614756
crisp3,0.9613483
sod1,0.96124387
crip2,0.96122086
krt6c,0.9610918
mog,0.9610906
sord,0.9610536
sel1l,0.9609699
rgs10,0.9605209
lcn15,0.9601954
ptprm,0.9600327
cuzd1,0.959139
ezr,0.9590452
ptrhd1,0.9588419
sgsh,0.95855415
eif2ak2,0.9582526
ctsb,0.95809627
prtn3,0.9580548
gne,0.9578599
psip1,0.957579
igsf21,0.9575772
metap1d,0.957409
angptl3,0.95736945
cptp,0.95733213
atox1,0.95732087
adam12,0.95731014
crx,0.95689887
il36g,0.95659447
gdf15,0.95623267
f13b,0.95585203
epha2,0.95562345
apol1,0.95544386
fam20a,0.9553386
ptpn1,0.9550057
becn1,0.95483893
usp28,0.9547379
clec6a,0.95460826
rgcc,0.9545126
ca3,0.9543735
foxo1,0.9536372
eps8l2,0.9536201
vps53,0.95356214
cat,0.9530747
il10ra,0.9528674
ptprr,0.95258856
arid4b,0.9520959
qpct,0.9520048
ap3s2,0.9518994
apbb1ip,0.9516783
pgr,0.9515556
timd4,0.95154166
cd6,0.9515119
prdx5,0.9511912
klrf1,0.95115626
ghr,0.95109195
tnfsf13,0.9509397
tpd52l2,0.9499401
fgl1,0.9498701
prg2,0.9494431
lamp1,0.9493822
hpgds,0.94901145
duox2,0.94883764
lrg1,0.94881475
lyzl2,0.9488147
akt1s1,0.9487742
npm1,0.9485078
fadd,0.9484147
ulbp2,0.9483583
pik3ip1,0.9482209
ahcy,0.948154
prdx3,0.94792
bdnf,0.9474554
f12,0.9472188
gabarap,0.94719076
ca1,0.9467448
serpina1,0.9467267
vsig4,0.9465259
gla,0.94652164
ciapin1,0.9462768
cd55,0.9457035
oscar,0.94562745
timp4,0.9452652
mst1,0.945204
sarg,0.9449386
bmp10,0.9447458
anxa11,0.9446256
abca2,0.944536
csf2ra,0.9443613
dnajb2,0.9441927
commd9,0.94398296
ptn,0.943781
nomo1,0.9435545
ifnlr1,0.9433174
trim21,0.9433031
clta,0.9432889
pros1,0.9432337
cct5,0.94292974
wwp2,0.9426535
podxl,0.94226587
cstb,0.9422217
igsf8,0.9421215
lrpap1,0.9418888
lats1,0.94169706
calcoco2,0.9416795
mansc1,0.94076383
hmox2,0.94049716
edem2,0.9399867
glyr1,0.9390249
acaa1,0.9389187
stx3,0.9382595
calb2,0.9381206
hip1r,0.9373221
sct,0.9371623
pigr,0.93712854
hs6st2,0.93704224
atp6v1g1,0.9369863
abhd14b,0.9365963
gmpr2,0.936581
ceacam1,0.9362902
map1lc3a,0.93611693
bloc1s3,0.9359121
cd300lf,0.9351349
ang,0.9350499
lamp2,0.9349768
ly9,0.9345781
cfi,0.9343493
chmp1a,0.93419343
scrib,0.93393385
phospho1,0.9338231
dbnl,0.9335648
lelp1,0.93316716
klk11,0.9323394
ccn4,0.9322885
apof,0.9322051
adamtsl2,0.93216145
dgka,0.93189675
lgmn,0.93183917
stx7,0.9317002
plxdc1,0.93161094
echs1,0.9315494
ep300,0.9315419
tubb3,0.93082917
snrpb2,0.9308022
vash1,0.930583
angptl1,0.93024313
crhr1,0.93019295
fgd3,0.9301104
prame,0.92999125
sdc4,0.9299135
man1a2,0.9297692
nfu1,0.9297158
myom1,0.92964077
wnt9a,0.9294811
cfhr2,0.9294529
traf3ip2,0.9292631
snx9,0.9292204
cytl1,0.9287161
crlf1,0.9286293
traf3,0.9284156
muc13,0.9283637
cdc37,0.9281665
ptgr1,0.92805576
ddt,0.9279899
ifnw1,0.9279119
bcl2,0.9276302
map1lc3b2,0.92757
mvk,0.92751276
mri1,0.9273057
vipr1,0.9265804
nxph1,0.9262707
inpp1,0.92620635
was,0.9262061
git1,0.9261167
ptk7,0.9258739
ddr1,0.9256383
rilpl2,0.925478
itprip,0.92533994
bsg,0.92532545
palm,0.9247545
npl,0.9247111
cd5,0.92436916
tnfrsf17,0.9241039
gpr158,0.9240546
cd302,0.923935
stambp,0.92388976
ncam2,0.9237913
btc,0.92366123
cntnap2,0.92362094
egfl7,0.9235492
nptx1,0.9235275
sdc1,0.9234915
usp25,0.92335606
f11,0.92317855
lrrc25,0.923136
usp47,0.9231015
gprc5c,0.9227164
pdgfra,0.9227102
pof1b,0.92269635
s100a3,0.9222163
hsd17b14,0.92191446
bin2,0.9218532
mgmt,0.92184675
tdp1,0.92180586
hexim1,0.92113054
arf6,0.92089224
rictor,0.92082477
cd200,0.9205855
epha10,0.9204558
adamts4,0.9203898
dnajb8,0.9202454
mzb1,0.9198926
creld2,0.9196912
cd36,0.91960865
sugt1,0.9195839
crebzf,0.9193108
epha4,0.91893077
gpc1,0.9186832
fgf20,0.91854966
eif4e,0.91828966
wasf3,0.9178333
slc44a4,0.9177996
gdf2,0.9175504
podxl2,0.9169159
bag4,0.9165268
il4,0.9163397
adgrb3,0.91595817
arsa,0.915864
vav3,0.9157745
cpped1,0.91569567
palld,0.9156828
ptprk,0.91566634
cbs,0.91562885
sec31a,0.9155966
fxn,0.91554797
fas,0.91552496
ocln,0.91532373
tpsab1,0.91508394
pglyrp1,0.9148743
entpd5,0.91463256
rad23b,0.91459966
ppp3r1,0.9144787
pdcd6,0.9144119
chmp6,0.9143547
arsb,0.91430205
cgn,0.9142825
arhgap30,0.914087
prss22,0.9138851
gkn1,0.9138552
st13,0.9137212
mocs2,0.9137178
pkn3,0.9136557
arg1,0.9135984
ca11,0.91347903
cd226,0.9133758
sirt1,0.91268766
hyou1,0.91230994
znf75d,0.9118751
vwa5a,0.9118418
csnk2a1,0.9114837
smpdl3b,0.9113858
flrt2,0.91125315
jam2,0.91123635
s100a4,0.9107933
slc12a2,0.9106725
ctsd,0.91029155
ids,0.91016316
entpd6,0.9100803
sema6c,0.9099106
frzb,0.9098039
pla2g15,0.9096233
sema4c,0.9094378
cfd,0.90887916
penk,0.9087754
treml1,0.90838784
vit,0.9083424
pcolce,0.9082806
amfr,0.90813005
lpcat2,0.9081055
fcrl3,0.90801895
scrn1,0.90799236
dtymk,0.9079863
lsm1,0.9078315
vwa1,0.90758383
klhl41,0.9074834
ctsl,0.9069997
brd1,0.90671647
acp5,0.90637505
blmh,0.90630394
entr1,0.90624404
tap1,0.9058492
dbn1,0.9057664
pstpip2,0.90571725
pomc,0.90555626
cep112,0.9053395
oxct1,0.9052398
pdcd5,0.90501106
tmprss11b,0.9049781
nt5c1a,0.9047483
dut,0.9046412
pcdh12,0.9042881
rab37,0.9036715
relt,0.9035488
mtr,0.90340465
akr1b1,0.90333295
ap1g2,0.90287995
klkb1,0.90220714
zbtb16,0.90187377
txnl1,0.9017968
trim5,0.9016311
masp1,0.90145373
gpha2,0.90137637
flt3,0.90109515
map2k6,0.9008585
ctrb1,0.90069854
glipr1,0.90064
saa4,0.9005468
shisa5,0.9003435
ctso,0.90030944
unc79,0.90019417
vps37a,0.9001898
nit2,0.9000195
efhd1,0.90000296
serpine2,0.90000296
c1rl,0.89973474
itm2a,0.899419
gipc3,0.89922523
nudc,0.8989347
mertk,0.89871764
tdrkh,0.8986009
galnt5,0.89854586
nedd4l,0.89843553
fam3b,0.8981447
pgd,0.8978106
guk1,0.89741397
rnaset2,0.8967916
rps10,0.89679015
clmp,0.896708
fcer2,0.89661527
tomm20,0.89644563
clec10a,0.89644206
hs1bp3,0.8960296
vsir,0.89591134
klf4,0.8957275
pi16,0.8954555
il1r2,0.8953515
ccar2,0.89531386
rassf2,0.8947971
dtnb,0.8947868
pcna,0.8943442
esyt2,0.8942575
ddhd2,0.89423573
lrtm2,0.89410937
ehbp1,0.893947
ntf3,0.8937814
dipk2b,0.8937298
tarbp2,0.8935088
ubxn1,0.89337385
cdsn,0.8932605
nop56,0.89318335
anxa2,0.8930159
klk10,0.892617
fkbp4,0.892419
sorbs1,0.89230144
lrch4,0.8920655
gask1a,0.89186996
shpk,0.89185333
echdc3,0.89159393
cd200r1,0.89158875
st8sia1,0.89145565
clec3b,0.891437
eif2ak3,0.8914041
hip1,0.8911191
txk,0.89095664
cd80,0.89087975
krt14,0.89019585
pydc1,0.88981164
tnfsf13b,0.8893002
clec14a,0.88925886
f3,0.88918966
cd2ap,0.8889463
ap3b1,0.8886684
adamtsl5,0.88864493
dars1,0.88834727
slirp,0.8881093
tmem106a,0.88791114
c1qtnf9,0.88757384
pfkfb2,0.88727146
dctd,0.8868034
capg,0.88680124
naprt,0.8865876
cdh6,0.8863302
otoa,0.88630414
rab3gap1,0.88628566
ecm1,0.88618267
procr,0.88597715
eif4b,0.88579226
tacstd2,0.8856025
ddah1,0.88514304
lrrn1,0.88500917
fgfr2,0.8848601
psme1,0.88464296
gstm4,0.8845715
oplah,0.884428
defb116,0.88431334
gmpr,0.8843028
clns1a,0.88402957
lyar,0.88400996
nudt2,0.8839356
creg1,0.88363194
extl1,0.88307154
pdzd2,0.8829919
hjv,0.8828513
hnrnpk,0.8825486
tpt1,0.8825378
mmp15,0.882516
ube2l6,0.8820997
smc3,0.8818126
scgb3a1,0.88174486
ankrd54,0.881654
anxa5,0.88145417
eno1,0.88126826
ptprc,0.88114303
preb,0.88108397
islr2,0.880947
f9,0.8805806
gtpbp2,0.88036394
impa1,0.8803565
il1a,0.8803458
got1,0.8802209
atxn3,0.88016576
lcp1,0.8801533
numb,0.8800777
gpi,0.879954
pgf,0.8799137
prss27,0.8798354
hdgfl2,0.8796679
il6st,0.87955344
cd244,0.879523
il1r1,0.879446
nbl1,0.87916785
artn,0.8790511
layn,0.8789284
xiap,0.87861127
cpq,0.87794316
htra2,0.8776778
tgoln2,0.8774322
bche,0.8774227
sirpa,0.8760662
il12rb1,0.8760412
kir3dl2,0.8759965
washc3,0.8759346
hhex,0.8758406
gnpda1,0.8757959
mpi,0.8755212
snx18,0.8755108
vta1,0.87548345
polr2f,0.8748871
plscr3,0.8748863
treml2,0.8748472
rest,0.87387717
pfdn6,0.8738525
coro6,0.8734894
klrk1,0.8734088
hk2,0.87328
vtcn1,0.8730761
cit,0.8729768
itih5,0.8724673
serpina4,0.8722548
prkra,0.87208533
sumf2,0.8720315
ripk4,0.8718548
trim40,0.8715716
tmem132a,0.8715352
nub1,0.87091887
ppp1cc,0.8708679
grpel1,0.8708378
capn3,0.87062967
susd5,0.87055165
il1rap,0.870283
lhpp,0.8702251
tnfaip2,0.8699888
cfc1,0.86943465
cd34,0.8694284
tcn2,0.8693476
hs6st1,0.8691728
cdh22,0.8690909
tpk1,0.8690078
kcnh2,0.86879635
cthrc1,0.86874294
rwdd1,0.86863035
pam,0.8684044
pglyrp4,0.86830604
klk7,0.86826104
arhgap5,0.86813265
dcc,0.86788034
cemip2,0.86750436
max,0.8670609
pepd,0.8666385
cnp,0.8665149
cd209,0.86616325
serpinb8,0.8659721
ccdc50,0.8658643
tcn1,0.86560947
pmch,0.86551845
ythdf3,0.8650301
cd84,0.8648821
scg3,0.86487275
il11,0.8646482
pkd2,0.86443734
ctf1,0.8644228
rnf31,0.86415875
atf2,0.864154
swap70,0.863981
rasgrf1,0.8634255
nfatc3,0.8629993
tst,0.8629633
serpinb9,0.86293614
plin1,0.8629186
slamf6,0.86279523
rtn4ip1,0.86265
dtx3,0.8625828
angptl2,0.8625395
crhbp,0.8624249
fcn1,0.8623675
ece1,0.8623285
mcfd2,0.8622943
gorasp2,0.86153233
nrtn,0.861475
lgals3bp,0.86134565
cd70,0.86126894
slc13a1,0.8612525
klk15,0.861251
cetn3,0.86098194
il6r,0.86074626
dusp29,0.86049175
nhlrc3,0.8604175
nrn1,0.8601478
lto1,0.86009395
amdhd2,0.8599843
cd300a,0.8598449
htr1b,0.859364
kiaa0319,0.85924697
cd7,0.859204
gart,0.85883796
maea,0.85854006
lactb2,0.858428
plin3,0.85837924
ighmbp2,0.85836166
mapk9,0.8582685
mucl3,0.8580016
arhgap1,0.8570365
sat2,0.8570255
tbr1,0.85698986
cyth3,0.8568764
caps,0.8568653
il13ra1,0.8563934
ssbp1,0.8560102
pdap1,0.85585964
scn2b,0.85577345
myoc,0.8555852
il22ra1,0.8554352
stau1,0.8551079
acvrl1,0.8548539
il20rb,0.8544067
nlgn1,0.85433316
l3hypdh,0.85346794
syt1,0.8534603
angpt2,0.85342413
arhgef10,0.85337436
ca7,0.85301244
igbp1,0.85292375
naga,0.85291934
mcemp1,0.85277706
ctnna1,0.85274124
crygd,0.8527405
decr1,0.8526614
slc27a4,0.85262454
maged1,0.85235757
c1ql2,0.85228795
lztfl1,0.852269
lilra5,0.852059
map2,0.8513509
aspn,0.8513472
cd83,0.8511049
foxo3,0.85108733
gclm,0.8507689
igfbpl1,0.85075516
tgfb1,0.8507531
gpihbp1,0.8506376
add1,0.8505893
asgr2,0.8502548
mphosph8,0.85012597
hcls1,0.8496386
pcare,0.8494999
dcun1d1,0.84894395
hs3st3b1,0.84861904
dcbld2,0.84854007
stc1,0.84851754
pdia3,0.84829867
znrf4,0.84806
rp2,0.8480326
tnfrsf10b,0.84786534
ctbs,0.84761137
neo1,0.8474892
plxdc2,0.84732985
cd300c,0.8473064
rapgef2,0.8472222
il31ra,0.847214
azi2,0.84715104
gimap7,0.8471284
frmd4b,0.84693164
ptp4a3,0.8468834
pibf1,0.8467797
lrrc38,0.8467399
tpsg1,0.84672993
ermap,0.84650624
gnas,0.8464985
calb1,0.84621596
rnf4,0.8459614
grp,0.845846
adam9,0.8458322
nit1,0.8458252
selplg,0.8456411
gid8,0.8456335
spink8,0.8455699
asah1,0.8455303
shmt1,0.84531605
rab27b,0.8453063
kiaa1549,0.84519756
pxdnl,0.84497327
fgfr4,0.8448652
icoslg,0.8446042
pithd1,0.8445454
lrp11,0.8439307
atp2b4,0.8438759
sestd1,0.8436282
morf4l2,0.843616
psmd1,0.84352255
ceacam18,0.8434211
lgals3,0.84335065
cox5b,0.84319663
dtd1,0.84307003
nfkbie,0.8430079
cep85,0.84286904
tigar,0.8428483
mecr,0.84231865
cd274,0.8421098
atp1b4,0.84200203
denr,0.8416011
pbk,0.8415898
dnajb6,0.84154737
cd207,0.8415002
atxn2l,0.8411213
nrxn3,0.8409709
paxx,0.84095883
lonp1,0.84094965
ccs,0.8403934
tp53i3,0.8403219
tcp11,0.8401641
znf174,0.8400662
aamdc,0.8397329
tfpi2,0.83971304
timm10,0.83969676
birc2,0.83927333
wasf1,0.8387579
vps4b,0.83849084
fut8,0.83835506
zfyve19,0.83832765
phactr2,0.8380334
txndc9,0.83780456
tppp2,0.83758223
trdmt1,0.8374644
lpp,0.83742714
arhgap25,0.8368497
cdkl5,0.83682954
fxyd5,0.8364372
pon2,0.8362098
gngt1,0.836184
cacnb3,0.83616304
copb2,0.8359766
nampt,0.8359252
tpsd1,0.83587986
mtdh,0.8352485
rabepk,0.8352288
gipc2,0.83514476
nup50,0.83468616
kctd5,0.83464766
thap12,0.8346247
phykpl,0.83447874
bambi,0.83424354
elavl4,0.8341408
rpl14,0.8340441
ifnl2,0.8339567
apobr,0.83376384
il3,0.8336364
dnajb14,0.833542
selenop,0.8334713
galnt7,0.83325946
crtac1,0.83317196
cyb5a,0.8329228
il2,0.8328593
ssna1,0.8327644
comt,0.8326274
lmnb1,0.83254695
fcar,0.83252144
tnfrsf11a,0.83238214
prc1,0.83220303
gipr,0.83211553
eif4g3,0.8317791
dxo,0.8316113
lysmd3,0.83152497
matn3,0.83131266
rap1a,0.831161
kyat1,0.83115065
lrig3,0.83092993
psap,0.8303406
rln1,0.8302462
cdk5rap3,0.8302204
cep43,0.8293278
vps28,0.8290599
uros,0.8290107
pbld,0.8284817
rbm19,0.8281736
il17ra,0.8280729
mdm1,0.8280275
efcab14,0.82798237
erp44,0.82778156
spring1,0.8277205
amotl2,0.82745546
tyro3,0.82742643
eno2,0.8273594
ppm1f,0.82614994
cdnf,0.82601
gdnf,0.82600445
slc16a1,0.82555455
shd,0.82536834
dipk1c,0.82528704
krt8,0.82517195
timp2,0.8247684
vcpkmt,0.824672
enpep,0.82460165
rbp1,0.82423973
mrps16,0.82417154
akt3,0.82392687
thtpa,0.823809
c5,0.82354873
erc2,0.82335776
commd1,0.82319367
il7,0.82302475
hmgcs1,0.82260334
casp2,0.822564
iglon5,0.8224861
esr1,0.8223771
spred2,0.822202
cetn2,0.82215333
f7,0.8220444
pth1r,0.82178307
trim58,0.821704
vstm1,0.8216531
cdc27,0.8213295
mtss2,0.821274
ncr1,0.820936
atp6v1g2,0.82093227
wdr46,0.82086575
il31,0.8204826
oga,0.8202468
unc5d,0.8198662
c7orf50,0.8197434
kiaa2013,0.8192477
cd164,0.8190365
stk11,0.8189546
serpinb6,0.8188238
fh,0.81866086
slc28a1,0.8185331
ccer2,0.81826365
syngap1,0.818214
ceacam3,0.81815124
snu13,0.81808215
acp6,0.81805706
cpxm2,0.817978
optc,0.81794375
ddx25,0.8179395
prkab1,0.81787425
pla2g1b,0.81778616
casp7,0.81768596
map2k1,0.8175305
sil1,0.81735444
fes,0.81691736
osbpl2,0.8167895
anxa1,0.8166516
fkbp14,0.8165817
fgf5,0.8164712
atxn10,0.81633043
ldlrap1,0.8162805
ogt,0.81604224
rnase1,0.8157253
amn,0.81556344
grin2b,0.8154159
znrd2,0.81528425
fut1,0.81515014
pglyrp2,0.814682
nmrk2,0.81463265
crtap,0.81457496
lrfn2,0.8142021
il20,0.8140199
vasp,0.81378436
sumf1,0.81343687
rab6b,0.8133213
steap4,0.81328607
igdcc3,0.81300867
sart1,0.81287587
il17a,0.8123803
pqbp1,0.8122859
prkar1a,0.8122535
cox6b1,0.81199837
trim24,0.8119522
clpp,0.8117137
kif1c,0.81143963
ddx1,0.8111577
ica1,0.81085324
morf4l1,0.81084454
arfip1,0.8103571
zbp1,0.8098214
ebag9,0.8097281
hspb1,0.8092113
odam,0.80882716
dynlt3,0.80877656
brd2,0.80862963
adam23,0.8085988
reep4,0.80857193
ninj1,0.8084898
phldb1,0.80814826
gamt,0.80809474
atp6ap2,0.8076056
ppp1r12b,0.8073169
pbxip1,0.8071308
mtif3,0.8066998
septin8,0.80668867
gatd3,0.8061621
clasp1,0.8056313
jam3,0.80557775
lgals8,0.8052362
stx8,0.80502605
otud7b,0.8047898
septin9,0.8040112
plcb1,0.80376565
cwc15,0.80369866
susd4,0.8036115
lypla2,0.80338347
gimap8,0.8028239
igfbp3,0.80256313
gpc5,0.8025441
il12rb2,0.80168664
c1qa,0.8016251
scn4b,0.8009786
rnf5,0.8006677
mthfsd,0.8005005
palm3,0.80013394
dennd2b,0.7994158
btn3a2,0.79939777
hepacam2,0.799091
dnajc6,0.7986753
chchd6,0.7984758
epn1,0.7983147
park7,0.7982576
zcchc8,0.79803634
nfkb2,0.79772496
tigit,0.79729044
il2rg,0.7969898
dda1,0.7969555
siglec6,0.7966589
pdia5,0.79649293
upk3bl1,0.7962503
ctss,0.7961074
il24,0.79584897
adamts1,0.79567444
ggt5,0.7955788
dctn6,0.7952583
qdpr,0.7947681
tnfrsf10a,0.79428995
epgn,0.7938324
nubp1,0.7938014
kiaa1549l,0.7937827
inpp5j,0.7932923
insl4,0.7932106
ccnd2,0.7930136
sirpb1,0.79276305
dhps,0.7927313
adcyap1r1,0.79209554
igfl4,0.79206
vegfb,0.79180384
nmt1,0.79174936
rab39b,0.79165155
nap1l4,0.7915702
hmgcl,0.791387
pgm2,0.7913289
ern1,0.79131866
morn4,0.791285
mn1,0.79109126
gadd45b,0.7910415
pdcd1lg2,0.79090214
tsc22d1,0.79053044
rangap1,0.7902632
cd82,0.7898375
edn1,0.7897587
gm2a,0.7895136
coq7,0.7888066
ifnar1,0.7887103
sap18,0.7886616
nucb2,0.7886367
aif1l,0.78799176
pdzk1,0.78782356
bcat2,0.7875153
fam171b,0.7873929
hdgf,0.7872937
myo6,0.7870136
snx2,0.7867745
ap2b1,0.7863812
cenpj,0.7861768
nxph3,0.7858819
hgfac,0.78587914
safb2,0.7854892
lrrc59,0.78541183
psrc1,0.7852973
fgf7,0.7850069
clec4c,0.7842217
ppie,0.78382015
nacc1,0.78342843
cpvl,0.7832937
urod,0.7828073
vsig10,0.7827031
rnf43,0.78238726
fgf6,0.7822955
septin7,0.78213805
afap1,0.7821245
gabra4,0.78204906
sh3bp1,0.78186285
wfdc1,0.7815635
tars1,0.781173
baiap2,0.781078
cep152,0.7809337
nudt5,0.7808014
ssb,0.78058785
clec12a,0.78044987
stx16,0.78042316
hsd17b3,0.7801579
glrx5,0.7795824
fcn2,0.7795653
casp10,0.7795279
mcts1,0.77936196
bnip3l,0.7793201
lilrb2,0.7792569
hif1a,0.77896285
ca8,0.7789391
tnfaip8,0.77857953
kcnip4,0.7784753
b3gat3,0.7784132
fgfbp3,0.7781078
atraid,0.777557
sytl4,0.7774925
tspyl1,0.7774363
ubqln3,0.77728415
tjp3,0.7768886
ranbp1,0.7768576
med21,0.7752516
ppp1r14a,0.7750964
mapk13,0.7747394
il10rb,0.774037
aida,0.7739818
tpbgl,0.7736482
clic5,0.7735521
creld1,0.77337956
csh1,0.7732264
dnlz,0.77322376
pcsk7,0.77289784
il9,0.77284616
tmprss11d,0.77283454
ngrn,0.7727885
mfap3,0.7727005
smpd3,0.7726772
sowaha,0.77223885
actn4,0.77220714
nedd9,0.7718103
lyve1,0.77154267
khk,0.77151823
ift20,0.7713466
tarm1,0.7708185
hras,0.7707477
tspan15,0.7698544
slc1a4,0.7694009
larp1,0.76866883
vti1a,0.76834446
sms,0.7682222
mtpn,0.7681782
ube2z,0.7679587
mcee,0.7678282
m6pr,0.767038
nek7,0.7668781
ifit3,0.76675886
hebp1,0.76622236
meltf,0.76538515
il36a,0.76530015
gnpda2,0.7652459
satb1,0.7646806
vsig10l,0.76427704
pagr1,0.7635286
gage2a,0.76332664
stxbp3,0.76331085
lrtm1,0.7626518
kirrel1,0.7625577
pdgfc,0.7625104
c2cd2l,0.76206195
cabp2,0.7620229
pmm2,0.7620181
acp1,0.7619072
sost,0.761869
smad3,0.7615774
cd3d,0.76150846
dusp3,0.7614654
nos2,0.7612804
mmut,0.76099396
syap1,0.75971246
farsa,0.75938416
doc2b,0.75925183
acadm,0.75922114
pdia2,0.75891364
tor1aip1,0.7587607
rtkn2,0.75827086
cadps,0.75807965
uhrf2,0.7576749
gadd45gip1,0.7572112
grsf1,0.7568691
stx5,0.7567998
coch,0.75662446
otud6b,0.75661135
btla,0.75656116
plekho1,0.7559769
tppp3,0.7559635
tprkb,0.7556308
mthfd2,0.7554779
cxcl16,0.75546503
gc,0.75539017
fam13a,0.7549392
lif,0.75482655
stam,0.7545991
nt5c,0.75459355
trim26,0.7544877
lilra4,0.75332767
grk5,0.7530393
cyp24a1,0.7528757
pdxdc1,0.7527467
pms1,0.7522171
txndc15,0.75164
bst1,0.7516147
mprip,0.75127
plxnb2,0.7504312
amigo1,0.75026596
ltb,0.7499757
snx15,0.74989784
gtf2ird1,0.74764144
acadsb,0.7462767
tmod4,0.74592334
ptges2,0.7452338
glt8d2,0.7447587
bex3,0.7446662
rad51,0.7446353
hnf1a,0.7444656
lrrc37a2,0.74433446
gpr101,0.74407446
rac3,0.7439263
sv2a,0.74368227
ppm1a,0.7435057
htr1a,0.74346447
mrpl58,0.7432413
lap3,0.7431196
immt,0.7430177
leo1,0.7429953
mag,0.74234724
pcyt2,0.7416576
ostn,0.7415252
stoml2,0.74132454
dapk2,0.7412764
necap2,0.7410629
sh3bgrl2,0.740849
kcnc4,0.740369
rnf149,0.74015164
myl1,0.7399678
arg2,0.73977375
ncln,0.739601
nmi,0.7395667
rab33a,0.7393212
pafah2,0.7391117
gp1bb,0.73883265
c2orf69,0.73871183
top1mt,0.7386119
rnase10,0.7385391
sox9,0.73810333
rasa1,0.7380233
serpinb5,0.73791975
aldh5a1,0.7377316
hmmr,0.73747265
eif1ax,0.73745406
ndufa5,0.7372002
il13,0.7366047
gata3,0.7361585
drg2,0.7358488
dand5,0.7355658
blnk,0.7354232
grhpr,0.73479104
pard3,0.734565
ilkap,0.7345498
gfra2,0.73431337
pdgfrb,0.7335145
il20ra,0.7334276
cnpy4,0.73300016
maneal,0.7328303
tank,0.7328101
rab2b,0.7327258
cpa4,0.7324691
pdp1,0.7319422
stx1b,0.7316175
fkbp7,0.7315264
dnaja1,0.731284
ivd,0.7312227
chrm1,0.7309175
hddc2,0.7308892
ambn,0.7303732
stxbp1,0.7296461
ankmy2,0.72935677
sptlc1,0.7292595
omp,0.7289617
gbp6,0.72893417
dtx2,0.72879493
mrpl28,0.7286136
asrgl1,0.72852135
pde4d,0.72842056
ppcdc,0.72817564
tnpo1,0.7280232
itpa,0.72793835
ada,0.727919
cebpa,0.72775185
upk3a,0.7275334
elac1,0.72739553
fgf12,0.72736144
ednrb,0.7270245
camlg,0.7267982
rrp15,0.72677493
tsnax,0.72644746
stk4,0.7261976
prkcq,0.7261633
snap25,0.72596073
cpb2,0.72587675
tmed1,0.72570485
krt17,0.72556424
mrpl52,0.72515374
ddx4,0.7250675
nars1,0.7242794
nectin1,0.72401536
luzp2,0.7239859
dcun1d2,0.7235594
acox1,0.723335
bhmt2,0.7225894
f10,0.72242785
hsdl2,0.72229826
bloc1s2,0.7222811
fdx1,0.72048455
magea3,0.7203176
cinp,0.720038
edf1,0.7199298
scpep1,0.7198933
mslnl,0.7194184
gad2,0.7186395
pak4,0.7186372
ifnl1,0.71838284
prkag3,0.71755075
c8b,0.71752656
ggct,0.71562636
ttf2,0.7155852
klrc1,0.7155119
pten,0.7153355
enoph1,0.71518695
enah,0.71402
pacs2,0.71324193
ceacam19,0.7129675
ahsg,0.71260273
abraxas2,0.71252126
grik2,0.71237844
lair1,0.7122258
il15ra,0.71187735
lacrt,0.71186066
ppif,0.71132433
rbm17,0.7111526
aif1,0.71058875
elob,0.7103621
dhrs4l2,0.70984036
rbpms,0.7096542
rarres1,0.70948637
il34,0.7092421
scn3b,0.70882666
ngfr,0.7079329
pdrg1,0.7078793
dhodh,0.7076844
gbp2,0.70623136
id4,0.7056725
casq2,0.7055673
mllt1,0.70540667
il33,0.7048757
foxj3,0.70457196
ecscr,0.7045171
adra2a,0.7040162
cd3e,0.7039093
rgl2,0.70388645
lmod2,0.7032207
c1qtnf6,0.70198464
c1qbp,0.70183
pecr,0.7016604
rpgr,0.7014133
mrpl46,0.7014041
bola1,0.7006218
acsl1,0.7002162
gbp4,0.69964534
cope,0.69936144
fnta,0.6986679
tgfb2,0.6985241
art5,0.69811237
tfap2a,0.69803846
vstm2b,0.6978912
psma1,0.6967636
tagln3,0.6963115
cnpy2,0.69620883
dnajc21,0.696056
ism2,0.695943
hdac9,0.6954152
arl13b,0.6948804
efnb2,0.6947717
chm,0.69463164
tmco5a,0.6945531
letm1,0.69411826
reps1,0.6939994
eif5,0.6930493
clspn,0.6928462
tmed10,0.69265413
sh3gl3,0.6920291
psmd5,0.6917772
hdac8,0.691484
gad1,0.6913426
ppm1b,0.6912507
araf,0.6896101
dgcr6,0.6889694
thsd1,0.68818974
mapt,0.68803275
gpkow,0.6875777
ifit1,0.6868439
paip2b,0.68663716
rexo2,0.6864917
pde1c,0.6863418
ddx53,0.68613595
mapkapk2,0.6861
nudt15,0.68592834
prkd2,0.685889
dnm3,0.6850461
cpox,0.6850378
h2ap,0.6850088
atp1b1,0.6844024
ccdc134,0.6841638
rcor1,0.68386626
ing1,0.6837683
rnaseh2a,0.6836084
pnma1,0.6835614
eri1,0.6833192
psmc3,0.6827868
fzd10,0.68271405
bcat1,0.682541
cd164l2,0.68242407
relb,0.68024707
aldh2,0.67932695
cngb3,0.67913246
sugp1,0.6789149
pfdn4,0.6788863
cdc123,0.6788559
bnip2,0.67865777
acrbp,0.67808443
fgf9,0.67782956
trpv3,0.67779493
reg3g,0.6773032
csnk1d,0.676774
yy1,0.6766081
izumo1,0.6764859
ensa,0.67586917
bhlhe40,0.6752465
crybb1,0.6751808
ddx39a,0.6747154
casc3,0.6737783
cntf,0.67347515
fcer1a,0.6729666
shh,0.6728038
tada3,0.67215306
igf2bp3,0.6717393
get3,0.67023444
cend1,0.66898155
eif5a,0.66869915
sox2,0.66854656
crym,0.66841066
raly,0.66818833
ctla4,0.66812676
dgkz,0.6681252
mnat1,0.66774607
metap1,0.66737115
evi2b,0.66719747
eci2,0.66715395
khdc3l,0.6666446
fzd8,0.66631174
akr1b10,0.66488546
clec2l,0.6645824
rpa2,0.6644952
atp5po,0.6638044
fosb,0.6631507
xrcc4,0.66084605
naa10,0.66083086
mfap3l,0.6607119
fgf3,0.66061026
fdx2,0.6604352
pnma2,0.6603008
ppt1,0.66014826
fgf16,0.65972126
camkk1,0.6586552
chp1,0.6578756
eif2s2,0.65644455
nxpe4,0.6553873
bsnd,0.6546173
egflam,0.6544204
frmd7,0.6538675
atp1b2,0.6537764
itgb1bp1,0.6530645
hspa2,0.65200883
fgf2,0.65174687
tmed4,0.6511024
prr5,0.6494697
bcl7a,0.6492411
cplx2,0.6483213
stk24,0.6470063
defb118,0.64636207
tp73,0.64611113
ahsa1,0.64549685
aspscr1,0.644794
ptpn9,0.64431417
btn1a1,0.6438903
ggact,0.64317656
clgn,0.6431424
tk1,0.6424761
epb41l5,0.64211714
brdt,0.64169645
gas2,0.64164066
ralb,0.6406653
ung,0.6404738
rnf168,0.6399947
dclre1c,0.6394156
arid3a,0.6377854
creb3,0.6327099
atf4,0.63261867
casp9,0.6299507
cacnb1,0.6295239
dlgap5,0.6274978
impg1,0.6263159
spag1,0.6261925
cdc25a,0.6260151
spesp1,0.6247883
pttg1,0.62465906
fmr1,0.6236286
brme1,0.62351847
enox2,0.62325025
ngf,0.62271106
ccdc28a,0.6226195
jun,0.62254095
dcdc2c,0.62223816
ceacam20,0.62204826
armcx2,0.6219114
cbx2,0.62104
sag,0.61953485
tgfbr1,0.6186373
gja8,0.6171105
ankra2,0.61509836
rab10,0.6144023
brd3,0.61417377
tp53,0.6139192
bcl7b,0.61388254
cspg5,0.61116314
crybb2,0.59717846
efcab2,0.5963982
akr1c4,0.59205866
csf2rb,0.5897827
chek2,0.58820045
atp6v1d,0.58817446
cdk1,0.5876241
arnt,0.58731186
fos,0.5871901
atp1b3,0.5859767
yju2,0.5834167
atp5f1d,0.58132124
pdcl2,0.57550836
hadh,0.5716771
il25,0.57141876
c1galt1c1,0.5702907
clint1,0.56911325
cd2,0.56399155
caly,0.560637
ssh3,0.5566639
mrpl24,0.5559703
babam1,0.5537996
rfc4,0.55221045
ercc1,0.54866767
brsk2,0.54788417
nfic,0.530034
tef,0.47951514
